"","ID","OTU_Richness_Sample","Ancestral_Richness","Edaphophilic_Richness","Rhizophilic_Richness","Ancestral_Read_Abundance","Edaphophilic_Read_Abundance","Rhizophilic_Read_Abundance","Read_Abundance_Sample","V1","V2","V3","V4","V5","V6","V7","V8","V9","V10"
"1","MM933M",130,27,1,103,NA,NA,NA,833.7869,5,"ATCCCGTATCGATTGG","E1","MM-Salvage",2015,"WL","O",5,NA,"RecipientPre"
"2","MM9362CU",167,29,1,137,NA,NA,NA,886.0327,4,"GCAACCTTTCGATTGG","D1","MM-Salvage",2015,"WL","O",4,NA,"RecipientPre"
"3","MM936M",105,21,1,85,NA,NA,NA,695.0015,3,"GCAACCTTAGAGTGTG","C1","MM-Salvage",2015,"WL","O",3,NA,"RecipientPre"
"4","MM941M",121,20,1,102,NA,NA,NA,788.3764,1,"GCAACCTTTGGGTGAT","A1","MM-Salvage",2015,"WL","O",1,NA,"RecipientPre"
"5","MM943M",99,21,1,77,NA,NA,NA,678.3267,2,"GCAACCTTTACTGTGC","B1","MM-Salvage",2015,"WL","O",2,NA,"RecipientPre"
"6","MMS700",151,24,1,126,NA,NA,NA,805.4538,47,"GAAGATCCCTCTCAAG","G6","MM-Salvage",2017,"WL","D",1,"B1A2C","RecipientPost"
"7","MMS701",158,23,1,135,NA,NA,NA,813.9395,48,"GAAGATCCAAGTCGGA","H6","MM-Salvage",2017,"WL","D",2,"B2A3C","RecipientPost"
"8","MMS702",161,25,1,134,NA,NA,NA,836.8849,49,"GAAGATCCTGGTAACC","A7","MM-Salvage",2017,"WL","D",3,"B3A4C","RecipientPost"
"9","MMS703",138,20,1,118,NA,NA,NA,733.9681,50,"GAAGATCCTGGGTGAT","B7","MM-Salvage",2017,"PS","D",1,"ED","RecipientPost"
"10","MMS704",148,24,1,125,NA,NA,NA,701.9485,51,"GAAGATCCTACTGTGC","C7","MM-Salvage",2017,"PS","D",2,"ED","RecipientPost"
"11","MMS705",151,21,1,126,NA,NA,NA,733.1922,52,"GAAGATCCAGAGTGTG","D7","MM-Salvage",2017,"PS","D",3,"ED","RecipientPost"
"12","MMS706",183,26,1,154,NA,NA,NA,867.5479,53,"GAAGATCCTCGATTGG","E7","MM-Salvage",2017,"HH","D",1,"CB2","RecipientPost"
"13","MMS707",170,23,1,145,NA,NA,NA,831.4404,54,"GAAGATCCTTGTGGAG","F7","MM-Salvage",2017,"HH","D",2,"CB2","RecipientPost"
"14","MMS708",117,19,1,97,NA,NA,NA,637.8763,55,"GCAATGGTCTCTCAAG","G7","MM-Salvage",2017,"HH","D",3,"CB2","RecipientPost"
"15","MMS709",183,29,1,152,NA,NA,NA,902.477,56,"GCAATGGTAAGTCGGA","H7","MM-Salvage",2017,"WL","F",1,"B1A2C","RecipientPost"
"16","MMS710",185,33,1,148,NA,NA,NA,883.3071,57,"GCAATGGTTGGTAACC","A8","MM-Salvage",2017,"WL","F",2,"B1A2C","RecipientPost"
"17","MMS711",170,28,1,139,NA,NA,NA,823.8411,58,"GCAATGGTTGGGTGAT","B8","MM-Salvage",2017,"WL","F",3,"B1A2C","RecipientPost"
"18","MMS712",179,26,1,151,NA,NA,NA,953.0771,59,"GCAATGGTTACTGTGC","B9","MM-Salvage",2017,"PS","F",1,"ED","RecipientPost"
"19","MMS713",181,29,1,151,NA,NA,NA,926.7968,60,"GCAATGGTAGAGTGTG","B10","MM-Salvage",2017,"PS","F",2,"ED","RecipientPost"
"20","MMS714",171,27,1,141,NA,NA,NA,856.951,61,"GCAATGGTTCGATTGG","B11","MM-Salvage",2017,"PS","F",3,"ED","RecipientPost"
"21","MMS715",172,23,1,143,NA,NA,NA,834.6406,62,"GCAATGGTTTGTGGAG","B12","MM-Salvage",2017,"HH","F",1,"CB2","RecipientPost"
"22","MMS716",196,34,1,159,NA,NA,NA,886.7238,39,"ATGCTTGGCTCTCAAG","G5","MM-Salvage",2017,"HH","F",1,"CB2","RecipientPost"
"23","MMS717",156,23,1,129,NA,NA,NA,734.08,40,"ATGCTTGGAAGTCGGA","H5","MM-Salvage",2017,"HH","F",2,"CB3","RecipientPost"
"24","MMS890",156,24,1,131,NA,NA,NA,780.4333,36,"GAGATCGTAGAGTGTG","D5","MM-Salvage",2015,"DS","O",3,NA,"Donor"
"25","MMS891",163,24,1,137,NA,NA,NA,852.9074,41,"ATGCTTGGTGGTAACC","A6","MM-Salvage",2015,"DS","O",4,NA,"Donor"
"26","MMS900",167,25,1,136,NA,NA,NA,825.6715,7,"CAGGGTTTCTCTCAAG","G1","MM-Salvage",2017,"HH","C",1,"CB2","RecipientPost"
"27","MMS901",144,21,1,121,NA,NA,NA,721.5021,8,"CAGGGTTTAAGTCGGA","H1","MM-Salvage",2017,"HH","T",2,"CB2","RecipientPost"
"28","MMS902",171,23,1,145,NA,NA,NA,858.7565,9,"CAGGGTTTTGGTAACC","A2","MM-Salvage",2017,"HH","S",3,"CB2","RecipientPost"
"29","MMS903",186,28,1,157,NA,NA,NA,943.3916,10,"CAGGGTTTTGGGTGAT","B2","MM-Salvage",2017,"HH","C",1,"CB2","RecipientPost"
"30","MMS904",178,27,1,148,NA,NA,NA,915.9431,11,"CAGGGTTTTACTGTGC","C2","MM-Salvage",2017,"HH","T",2,"CB2","RecipientPost"
"31","MMS905",193,28,1,162,NA,NA,NA,887.893,12,"CAGGGTTTAGAGTGTG","D2","MM-Salvage",2017,"HH","S",3,"CB2","RecipientPost"
"32","MMS906",152,27,1,124,NA,NA,NA,776.0525,13,"CAGGGTTTTCGATTGG","E2","MM-Salvage",2017,"HH","C",1,"CB2","RecipientPost"
"33","MMS907",170,27,1,141,NA,NA,NA,798.9766,14,"CAGGGTTTTTGTGGAG","F2","MM-Salvage",2017,"HH","T",2,"CB2","RecipientPost"
"34","MMS908",158,25,1,132,NA,NA,NA,826.0264,15,"TGTTGGAGCTCTCAAG","G2","MM-Salvage",2017,"HH","S",3,"CB2","RecipientPost"
"35","MMS909",155,21,1,132,NA,NA,NA,815.6505,16,"TGTTGGAGAAGTCGGA","H2","MM-Salvage",2017,"PS","C",1,"ED","RecipientPost"
"36","MMS910",156,21,1,133,NA,NA,NA,871.573,17,"TGTTGGAGTGGTAACC","A3","MM-Salvage",2017,"PS","T",2,"ED","RecipientPost"
"37","MMS911",165,23,1,140,NA,NA,NA,835.5708,18,"TGTTGGAGTGGGTGAT","B3","MM-Salvage",2017,"PS","S",3,"ED","RecipientPost"
"38","MMS912",181,32,1,147,NA,NA,NA,874.034,19,"TGTTGGAGTACTGTGC","C3","MM-Salvage",2017,"PS","C",1,"ED","RecipientPost"
"39","MMS913",174,25,1,148,NA,NA,NA,860.8711,20,"TGTTGGAGAGAGTGTG","D3","MM-Salvage",2017,"PS","T",2,"ED","RecipientPost"
"40","MMS914",168,24,1,142,NA,NA,NA,781.6604,21,"TGTTGGAGTCGATTGG","E3","MM-Salvage",2017,"PS","S",3,"ED","RecipientPost"
"41","MMS915",166,24,1,138,NA,NA,NA,802.3005,22,"TGTTGGAGTTGTGGAG","F3","MM-Salvage",2017,"PS","C",1,"ED","RecipientPost"
"42","MMS916",156,20,1,132,NA,NA,NA,721.3801,23,"TCTGCCTACTCTCAAG","G3","MM-Salvage",2017,"PS","T",2,"ED","RecipientPost"
"43","MMS917",127,22,1,103,NA,NA,NA,666.2005,24,"TCTGCCTAAAGTCGGA","H3","MM-Salvage",2017,"PS","S",3,"ED","RecipientPost"
"44","MMS918",148,24,1,122,NA,NA,NA,823.1098,25,"TCTGCCTATGGTAACC","A4","MM-Salvage",2017,"HH","C",1,"CB2","RecipientPost"
"45","MMS919",173,25,1,146,NA,NA,NA,870.3336,26,"TCTGCCTATGGGTGAT","B4","MM-Salvage",2017,"HH","T",2,"CB2","RecipientPost"
"46","MMS920",162,24,1,136,NA,NA,NA,739.6418,27,"TCTGCCTATACTGTGC","C4","MM-Salvage",2017,"HH","S",3,"CB2","RecipientPost"
"47","MMS921",198,32,1,164,NA,NA,NA,882.6755,28,"TCTGCCTAAGAGTGTG","D4","MM-Salvage",2017,"HH","C",1,"CB2","RecipientPost"
"48","MMS922",177,30,1,144,NA,NA,NA,849.3993,29,"TCTGCCTATCGATTGG","E4","MM-Salvage",2017,"HH","T",2,"CB2","RecipientPost"
"49","MMS923",177,29,1,143,NA,NA,NA,842.3766,30,"TCTGCCTATTGTGGAG","F4","MM-Salvage",2017,"HH","S",3,"CB2","RecipientPost"
"50","MMS924",140,26,1,111,NA,NA,NA,735.0458,31,"GAGATCGTCTCTCAAG","G4","MM-Salvage",2017,"HH","C",1,"CB2","RecipientPost"
"51","MMS925",176,29,1,145,NA,NA,NA,838.7926,32,"GAGATCGTAAGTCGGA","H4","MM-Salvage",2017,"HH","T",2,"CB2","RecipientPost"
"52","MMS928",152,23,1,128,NA,NA,NA,771.1222,42,"ATGCTTGGTGGGTGAT","B6","MM-Salvage",2015,"HH","O",1,NA,"RecipientPre"
"53","MMS929",173,30,1,142,NA,NA,NA,831.6021,43,"ATGCTTGGTACTGTGC","C6","MM-Salvage",2015,"HH","O",2,NA,"RecipientPre"
"54","MMS930",146,21,1,125,NA,NA,NA,787.4143,37,"GAGATCGTTCGATTGG","E5","MM-Salvage",2015,"PS","O",2,NA,"RecipientPre"
"55","MMS931",151,19,1,130,NA,NA,NA,743.1335,6,"ATCCCGTATTGTGGAG","F1","MM-Salvage",2015,"PS","O",1,NA,"RecipientPre"
"56","MMS932",144,18,1,125,NA,NA,NA,729.5796,45,"ATGCTTGGTCGATTGG","E6","MM-Salvage",2015,"PS","O",4,NA,"RecipientPre"
"57","MMS938",141,20,1,120,NA,NA,NA,684.6452,34,"GAGATCGTTGGGTGAT","B5","MM-Salvage",2015,"DS","O",1,NA,"Donor"
"58","MMS939",147,21,1,126,NA,NA,NA,768.5319,35,"GAGATCGTTACTGTGC","C5","MM-Salvage",2015,"DS","O",2,NA,"Donor"
"59","MMS942",132,18,1,112,NA,NA,NA,684.4317,38,"GAGATCGTTTGTGGAG","F5","MM-Salvage",2015,"PS","O",3,NA,"RecipientPre"
"60","MMS943",172,28,1,143,NA,NA,NA,828.0527,44,"ATGCTTGGAGAGTGTG","D6","MM-Salvage",2015,"WL","O",6,NA,"RecipientPre"
"61","MMS944",140,18,1,118,NA,NA,NA,725.9441,46,"ATGCTTGGTTGTGGAG","F6","MM-Salvage",2015,"DS","O",5,NA,"Donor"
