"ID","OTU_Richness_Sample","Acaulospora_Richness","Ambispora_Richness","Archaeospora_Richness","Claroideoglomus_Richness","Diversispora_Richness","Glomus_Richness","Kuklospora_Richness","Paraglomus_Richness","Acaulospora_Read_Abundance","Ambispora_Read_Abundance","Archaeospora_Read_Abundance","Claroideoglomus_Read_Abundance","Diversispora_Read_Abundance","Glomus_Read_Abundance","Kuklospora_Read_Abundance","Paraglomus_Read_Abundance","Read_Abundance_Sample","#SampleID","BarcodeSequence","LinkerPrimerSequence","Location","Project","Year","Site","Treat","Rep","TSDel","Description"
"MM933M",130,2,5,17,15,2,65,2,22,6.6618,23.9417,157.589,99.6242,23.198,387.3753,5.7632,129.6337,833.7869,5,"ATCCCGTATCGATTGG",NA,"E1","MM-Salvage","2015","WL","O","5",NA,"RecipientPre"
"MM9362CU",167,3,7,16,20,3,85,2,31,12.2907,33.2473,63.2683,118.7108,18.3924,464.2526,3.1134,172.7572,886.0327,4,"GCAACCTTTCGATTGG",NA,"D1","MM-Salvage","2015","WL","O","4",NA,"RecipientPre"
"MM936M",105,1,5,12,13,1,59,2,12,3.3956,25.9602,67.7783,91.5404,12.238,406.1616,6.7912,81.1362,695.0015,3,"GCAACCTTAGAGTGTG",NA,"C1","MM-Salvage","2015","WL","O","3",NA,"RecipientPre"
"MM941M",121,4,3,10,14,1,74,2,13,21.9872,14.628,47.8637,93.6373,13.945,503.8588,11.091,81.3654,788.3764,1,"GCAACCTTTGGGTGAT",NA,"A1","MM-Salvage","2015","WL","O","1",NA,"RecipientPre"
"MM943M",99,3,3,11,11,3,51,3,14,14.2272,23.4654,92.1497,74.7298,22.9824,317.0982,30.6556,103.0184,678.3267,2,"GCAACCTTTACTGTGC",NA,"B1","MM-Salvage","2015","WL","O","2",NA,"RecipientPre"
"MMS700",151,2,5,15,19,3,83,1,23,11.94,20.1172,90.3423,106.1814,18.6176,429.0388,10.865,118.3515,805.4538,47,"GAAGATCCCTCTCAAG",NA,"G6","MM-Salvage","2017","WL","D","1","B1A2C","RecipientPost"
"MMS701",158,4,5,13,18,2,85,0,31,30.5117,18.9094,70.4207,100.2828,10.5632,390.6305,0,192.6212,813.9395,48,"GAAGATCCAAGTCGGA",NA,"H6","MM-Salvage","2017","WL","D","2","B2A3C","RecipientPost"
"MMS702",161,2,7,13,21,4,80,2,32,15.3515,30.2452,69.2545,112.603,27.5908,386.4524,5.5804,189.8071,836.8849,49,"GAAGATCCTGGTAACC",NA,"A7","MM-Salvage","2017","WL","D","3","B3A4C","RecipientPost"
"MMS703",138,2,8,8,20,2,79,1,18,10.7567,33.6296,34.7318,133.0701,9.3438,434.137,2.579,75.7201,733.9681,50,"GAAGATCCTGGGTGAT",NA,"B7","MM-Salvage","2017","PS","D","1","ED","RecipientPost"
"MMS704",148,3,6,13,19,1,77,1,28,13.2684,25.1485,68.0682,112.8083,5.9968,349.1302,2.7472,124.7809,701.9485,51,"GAAGATCCTACTGTGC",NA,"C7","MM-Salvage","2017","PS","D","2","ED","RecipientPost"
"MMS705",151,2,6,11,20,6,85,1,20,10.4065,27.3552,51.8253,119.9947,36.4184,389.2179,4.7595,93.2147,733.1922,52,"GAAGATCCAGAGTGTG",NA,"D7","MM-Salvage","2017","PS","D","3","ED","RecipientPost"
"MMS706",183,1,7,17,23,5,101,0,29,4.2405,28.0946,70.7695,136.7667,17.2991,475.1736,0,135.2039,867.5479,53,"GAAGATCCTCGATTGG",NA,"E7","MM-Salvage","2017","HH","D","1","CB2","RecipientPost"
"MMS707",170,1,5,16,24,4,93,0,27,2.1967,24.0092,62.3732,157.819,16.7606,459.0866,0,109.1951,831.4404,54,"GAAGATCCTTGTGGAG",NA,"F7","MM-Salvage","2017","HH","D","2","CB2","RecipientPost"
"MMS708",117,1,4,13,13,3,57,0,26,4.4295,14.2523,69.1467,82.5144,14.437,308.6596,0,144.4368,637.8763,55,"GCAATGGTCTCTCAAG",NA,"G7","MM-Salvage","2017","HH","D","3","CB2","RecipientPost"
"MMS709",183,2,7,18,18,4,102,1,31,5.4238,31.4909,101.5645,93.5047,19.7189,504.6963,6.2617,139.8162,902.477,56,"GCAATGGTAAGTCGGA",NA,"H7","MM-Salvage","2017","WL","F","1","B1A2C","RecipientPost"
"MMS710",185,4,7,19,21,6,98,2,28,27.4531,24.5101,85.025,122.0659,26.2398,441.0514,12.6129,144.3489,883.3071,57,"GCAATGGTTGGTAACC",NA,"A8","MM-Salvage","2017","WL","F","2","B1A2C","RecipientPost"
"MMS711",170,3,6,16,22,5,86,2,30,21.1419,22.4914,84.7347,108.0734,28.2395,389.2972,3.9764,165.8866,823.8411,58,"GCAATGGTTGGGTGAT",NA,"B8","MM-Salvage","2017","WL","F","3","B1A2C","RecipientPost"
"MMS712",179,2,6,15,21,4,107,2,22,8.944,30.1474,59.2279,141.1625,20.3455,596.6984,6.7712,89.7802,953.0771,59,"GCAATGGTTACTGTGC",NA,"B9","MM-Salvage","2017","PS","F","1","ED","RecipientPost"
"MMS713",181,2,8,17,22,3,96,1,32,20.1259,31.9187,96.1815,126.2933,12.9441,446.7493,2.0513,190.5327,926.7968,60,"GCAATGGTAGAGTGTG",NA,"B10","MM-Salvage","2017","PS","F","2","ED","RecipientPost"
"MMS714",171,2,8,16,22,5,89,0,29,5.9251,37.0288,74.6287,145.2412,23.6192,444.1288,0,126.3792,856.951,61,"GCAATGGTTCGATTGG",NA,"B11","MM-Salvage","2017","PS","F","3","ED","RecipientPost"
"MMS715",172,1,7,14,21,8,95,0,26,2.1967,25.0066,77.3625,124.8767,38.9059,470.6841,0,95.6081,834.6406,62,"GCAATGGTTTGTGGAG",NA,"B12","MM-Salvage","2017","HH","F","1","CB2","RecipientPost"
"MMS716",196,3,9,19,21,5,107,2,30,13.4711,28.7501,70.8154,131.0376,21.3341,483.6542,3.2778,134.3835,886.7238,39,"ATGCTTGGCTCTCAAG",NA,"G5","MM-Salvage","2017","HH","F","1","CB2","RecipientPost"
"MMS717",156,2,7,13,17,6,81,0,30,4.5536,29.3439,63.0961,96.3312,28.38,382.219,0,130.1562,734.08,40,"ATGCTTGGAAGTCGGA",NA,"H5","MM-Salvage","2017","HH","F","2","CB3","RecipientPost"
"MMS890",156,2,7,13,18,3,87,1,25,4.9541,40.4234,61.9557,103.0365,14.8365,423.3835,2.0686,129.775,780.4333,36,"GAGATCGTAGAGTGTG",NA,"D5","MM-Salvage","2015","DS","O","3",NA,"Donor"
"MMS891",163,2,5,15,19,4,88,1,29,9.838,26.2715,73.8244,118.6937,24.7476,463.4656,2.5495,133.5171,852.9074,41,"ATGCTTGGTGGTAACC",NA,"A6","MM-Salvage","2015","DS","O","4",NA,"Donor"
"MMS900",167,2,6,16,24,8,83,0,28,10.5687,25.8609,75.771,126.9958,36.4438,384.2245,0,165.8068,825.6715,7,"CAGGGTTTCTCTCAAG",NA,"G1","MM-Salvage","2017","HH","C","1","CB2","RecipientPost"
"MMS901",144,1,4,15,20,4,79,0,21,2.5553,12.0243,71.1465,133.6258,20.5635,397.0388,0,84.5479,721.5021,8,"CAGGGTTTAAGTCGGA",NA,"H1","MM-Salvage","2017","HH","T","2","CB2","RecipientPost"
"MMS902",171,2,6,14,22,5,99,0,23,4.1185,25.0405,76.7837,154.8571,27.5647,470.4428,0,99.9492,858.7565,9,"CAGGGTTTTGGTAACC",NA,"A2","MM-Salvage","2017","HH","S","3","CB2","RecipientPost"
"MMS903",186,2,7,17,22,3,105,1,29,18.8114,34.3092,71.7056,153.1442,15.7355,497.7249,2.0444,149.9164,943.3916,10,"CAGGGTTTTGGGTGAT",NA,"B2","MM-Salvage","2017","HH","C","1","CB2","RecipientPost"
"MMS904",178,2,6,16,19,5,98,2,30,6.0223,30.1458,77.277,137.7654,26.44,487.8504,4.6438,145.7984,915.9431,11,"CAGGGTTTTACTGTGC",NA,"C2","MM-Salvage","2017","HH","T","2","CB2","RecipientPost"
"MMS905",193,1,7,19,25,5,106,0,30,2.9491,29.605,86.7362,143.7184,20.7798,472.974,0,131.1305,887.893,12,"CAGGGTTTAGAGTGTG",NA,"D2","MM-Salvage","2017","HH","S","3","CB2","RecipientPost"
"MMS906",152,2,7,17,17,3,82,0,24,6.1211,35.0052,94.8361,98.7605,13.7399,404.2448,0,123.3449,776.0525,13,"CAGGGTTTTCGATTGG",NA,"E2","MM-Salvage","2017","HH","C","1","CB2","RecipientPost"
"MMS907",170,3,5,17,23,4,90,1,27,11.3552,22.5696,85.2577,117.549,17.914,419.8124,2.1846,122.3341,798.9766,14,"CAGGGTTTTTGTGGAG",NA,"F2","MM-Salvage","2017","HH","T","2","CB2","RecipientPost"
"MMS908",158,1,6,16,18,3,87,1,26,3.217,32.6982,84.1553,105.4741,16.2126,449.4852,2.3644,132.4196,826.0264,15,"TGTTGGAGCTCTCAAG",NA,"G2","MM-Salvage","2017","HH","S","3","CB2","RecipientPost"
"MMS909",155,4,7,9,22,4,89,0,20,16.2934,31.9185,39.4379,150.1148,16.0658,467.3163,0,94.5038,815.6505,16,"TGTTGGAGAAGTCGGA",NA,"H2","MM-Salvage","2017","PS","C","1","ED","RecipientPost"
"MMS910",156,0,6,14,21,4,93,0,18,0,19.5783,49.5444,163.9492,20.1113,541.2255,0,77.1643,871.573,17,"TGTTGGAGTGGTAACC",NA,"A3","MM-Salvage","2017","PS","T","2","ED","RecipientPost"
"MMS911",165,1,7,13,22,4,94,1,23,7.0553,27.3862,52.7402,145.7191,21.5031,476.9494,2.3219,101.8956,835.5708,18,"TGTTGGAGTGGGTGAT",NA,"B3","MM-Salvage","2017","PS","S","3","ED","RecipientPost"
"MMS912",181,3,8,18,21,4,95,2,30,16.7142,42.7,76.4591,116.977,18.8699,438.948,9.7689,153.5969,874.034,19,"TGTTGGAGTACTGTGC",NA,"C3","MM-Salvage","2017","PS","C","1","ED","RecipientPost"
"MMS913",174,2,7,13,21,3,97,2,29,4.708,40.0205,57.1046,117.4575,11.1508,485.5461,3.9074,140.9762,860.8711,20,"TGTTGGAGAGAGTGTG",NA,"D3","MM-Salvage","2017","PS","T","2","ED","RecipientPost"
"MMS914",168,2,6,14,19,4,97,1,25,15.564,25.7273,63.3732,105.2776,12.8687,439.5084,4.0402,115.301,781.6604,21,"TGTTGGAGTCGATTGG",NA,"E3","MM-Salvage","2017","PS","S","3","ED","RecipientPost"
"MMS915",166,1,4,17,23,6,92,1,22,2.0175,15.3873,70.2721,145.1607,34.157,431.1093,11.16,93.0366,802.3005,22,"TGTTGGAGTTGTGGAG",NA,"F3","MM-Salvage","2017","PS","C","1","ED","RecipientPost"
"MMS916",156,1,6,12,18,6,89,0,24,2.8464,23.2341,55.9055,94.9563,32.0845,408.7666,0,103.5867,721.3801,23,"TCTGCCTACTCTCAAG",NA,"G3","MM-Salvage","2017","PS","T","2","ED","RecipientPost"
"MMS917",127,2,5,14,17,4,70,0,15,6.0444,15.5482,74.8118,98.5682,16.4583,381.5987,0,73.1709,666.2005,24,"TCTGCCTAAAGTCGGA",NA,"H3","MM-Salvage","2017","PS","S","3","ED","RecipientPost"
"MMS918",148,4,3,15,24,4,78,1,19,25.4469,16.8017,79.686,119.0082,33.8425,433.2239,12.26,102.8406,823.1098,25,"TCTGCCTATGGTAACC",NA,"A4","MM-Salvage","2017","HH","C","1","CB2","RecipientPost"
"MMS919",173,3,4,16,23,4,95,1,27,16.4704,19.9363,75.4636,134.3452,21.6073,461.2204,12.644,128.6464,870.3336,26,"TCTGCCTATGGGTGAT",NA,"B4","MM-Salvage","2017","HH","T","2","CB2","RecipientPost"
"MMS920",162,1,6,14,18,4,90,2,27,2.2551,26.0952,56.4588,97.0692,23.3063,401.9074,5.3505,127.1993,739.6418,27,"TCTGCCTATACTGTGC",NA,"C4","MM-Salvage","2017","HH","S","3","CB2","RecipientPost"
"MMS921",198,3,6,19,22,4,107,3,34,10.4296,24.5947,78.401,112.0083,25.8402,450.2452,17.7989,163.3576,882.6755,28,"TCTGCCTAAGAGTGTG",NA,"D4","MM-Salvage","2017","HH","C","1","CB2","RecipientPost"
"MMS922",177,2,7,20,17,5,98,0,28,7.1186,36.5847,87.5883,89.6798,24.3087,460.5094,0,143.6098,849.3993,29,"TCTGCCTATCGATTGG",NA,"E4","MM-Salvage","2017","HH","T","2","CB2","RecipientPost"
"MMS923",177,2,6,19,19,7,95,1,28,6.051,25.0288,82.2506,113.405,37.0005,441.7543,2.1926,134.6938,842.3766,30,"TCTGCCTATTGTGGAG",NA,"F4","MM-Salvage","2017","HH","S","3","CB2","RecipientPost"
"MMS924",140,4,5,15,12,5,66,1,32,30.7473,24.2778,69.1095,76.336,26.7637,321.4488,5.5951,180.7676,735.0458,31,"GAGATCGTCTCTCAAG",NA,"G4","MM-Salvage","2017","HH","C","1","CB2","RecipientPost"
"MMS925",176,3,6,19,19,4,93,0,32,16.1244,28.8394,95.2503,105.5255,18.2313,417.5296,0,157.2921,838.7926,32,"GAGATCGTAAGTCGGA",NA,"H4","MM-Salvage","2017","HH","T","2","CB2","RecipientPost"
"MMS928",152,2,5,14,20,3,83,1,24,5.053,25.0515,84.2444,99.8471,16.1144,412.1482,5.1015,123.5621,771.1222,42,"ATGCTTGGTGGGTGAT",NA,"B6","MM-Salvage","2015","HH","O","1",NA,"RecipientPre"
"MMS929",173,3,7,18,18,3,98,1,25,10.1983,39.6974,80.7671,100.3317,14.5723,453.2892,6.923,125.8231,831.6021,43,"ATGCTTGGTACTGTGC",NA,"C6","MM-Salvage","2015","HH","O","2",NA,"RecipientPre"
"MMS930",146,1,7,12,17,2,83,0,24,2.4139,39.8211,63.6291,102.1045,10.716,438.1072,0,130.6225,787.4143,37,"GAGATCGTTCGATTGG",NA,"E5","MM-Salvage","2015","PS","O","2",NA,"RecipientPre"
"MMS931",151,1,6,11,19,4,86,0,24,2.2901,23.7625,51.0675,109.3929,18.779,418.9679,0,118.8736,743.1335,6,"ATCCCGTATTGTGGAG",NA,"F1","MM-Salvage","2015","PS","O","1",NA,"RecipientPre"
"MMS932",144,1,6,9,16,3,82,1,26,3.3956,30.1007,55.6596,92.1732,12.6527,402.353,2.5265,130.7183,729.5796,45,"ATGCTTGGTCGATTGG",NA,"E6","MM-Salvage","2015","PS","O","4",NA,"RecipientPre"
"MMS938",141,1,7,11,20,3,78,0,21,2.4985,30.7601,44.2062,132.6164,13.1025,368.4088,0,93.0527,684.6452,34,"GAGATCGTTGGGTGAT",NA,"B5","MM-Salvage","2015","DS","O","1",NA,"Donor"
"MMS939",147,1,7,11,18,2,80,1,27,2.8349,46.0256,52.8056,108.017,11.2619,402.9734,2.8349,141.7786,768.5319,35,"GAGATCGTTACTGTGC",NA,"C5","MM-Salvage","2015","DS","O","2",NA,"Donor"
"MMS942",132,1,5,11,15,4,75,0,21,2.9726,24.409,56.5203,84.359,31.3227,360.0747,0,124.7734,684.4317,38,"GAGATCGTTTGTGGAG",NA,"F5","MM-Salvage","2015","PS","O","3",NA,"RecipientPre"
"MMS943",172,2,7,16,23,3,98,2,21,4.1798,29.6174,80.1857,114.2499,12.3027,466.5983,21.8966,99.0223,828.0527,44,"ATGCTTGGAGAGTGTG",NA,"D6","MM-Salvage","2015","WL","O","6",NA,"RecipientPre"
"MMS944",140,0,5,10,16,6,78,2,23,0,28.1951,53.4946,110.3112,25.1142,383.8702,5.928,119.0308,725.9441,46,"ATGCTTGGTTGTGGAG",NA,"F6","MM-Salvage","2015","DS","O","5",NA,"Donor"
