"ID","Functional.Group","OTU_Richness_Sample","Read_Abundance_Sample","#SampleID","BarcodeSequence","LinkerPrimerSequence","Location","Project","Year","Site","Treat","Rep","TSDel","Description"
"MM933M","Ancestral",26,193.9557,5,"ATCCCGTATCGATTGG",NA,"E1","MM-Salvage",2015,"WL","O",5,NA,"RecipientPre"
"MM933M","Rhizophilic",102,616.6332,5,"ATCCCGTATCGATTGG",NA,"E1","MM-Salvage",2015,"WL","O",5,NA,"RecipientPre"
"MM933M",NA,2,23.198,5,"ATCCCGTATCGATTGG",NA,"E1","MM-Salvage",2015,"WL","O",5,NA,"RecipientPre"
"MM936M","Ancestral",20,103.9253,3,"GCAACCTTAGAGTGTG",NA,"C1","MM-Salvage",2015,"WL","O",3,NA,"RecipientPre"
"MM936M","Rhizophilic",84,578.8382,3,"GCAACCTTAGAGTGTG",NA,"C1","MM-Salvage",2015,"WL","O",3,NA,"RecipientPre"
"MM936M",NA,1,12.238,3,"GCAACCTTAGAGTGTG",NA,"C1","MM-Salvage",2015,"WL","O",3,NA,"RecipientPre"
"MM941M","Ancestral",19,95.5699,1,"GCAACCTTTGGGTGAT",NA,"A1","MM-Salvage",2015,"WL","O",1,NA,"RecipientPre"
"MM941M","Rhizophilic",101,678.8615,1,"GCAACCTTTGGGTGAT",NA,"A1","MM-Salvage",2015,"WL","O",1,NA,"RecipientPre"
"MM941M",NA,1,13.945,1,"GCAACCTTTGGGTGAT",NA,"A1","MM-Salvage",2015,"WL","O",1,NA,"RecipientPre"
"MM943M","Ancestral",20,160.4979,2,"GCAACCTTTACTGTGC",NA,"B1","MM-Salvage",2015,"WL","O",2,NA,"RecipientPre"
"MM943M","Rhizophilic",76,494.8464,2,"GCAACCTTTACTGTGC",NA,"B1","MM-Salvage",2015,"WL","O",2,NA,"RecipientPre"
"MM943M",NA,3,22.9824,2,"GCAACCTTTACTGTGC",NA,"B1","MM-Salvage",2015,"WL","O",2,NA,"RecipientPre"
"MM9362CU","Ancestral",28,111.9197,4,"GCAACCTTTCGATTGG",NA,"D1","MM-Salvage",2015,"WL","O",4,NA,"RecipientPre"
"MM9362CU","Rhizophilic",136,755.7206,4,"GCAACCTTTCGATTGG",NA,"D1","MM-Salvage",2015,"WL","O",4,NA,"RecipientPre"
"MM9362CU",NA,3,18.3924,4,"GCAACCTTTCGATTGG",NA,"D1","MM-Salvage",2015,"WL","O",4,NA,"RecipientPre"
"MMS700","Ancestral",23,133.2645,47,"GAAGATCCCTCTCAAG",NA,"G6","MM-Salvage",2017,"WL","D",1,"B1A2C","RecipientPost"
"MMS700","Rhizophilic",125,653.5717,47,"GAAGATCCCTCTCAAG",NA,"G6","MM-Salvage",2017,"WL","D",1,"B1A2C","RecipientPost"
"MMS700",NA,3,18.6176,47,"GAAGATCCCTCTCAAG",NA,"G6","MM-Salvage",2017,"WL","D",1,"B1A2C","RecipientPost"
"MMS701","Ancestral",22,119.8418,48,"GAAGATCCAAGTCGGA",NA,"H6","MM-Salvage",2017,"WL","D",2,"B2A3C","RecipientPost"
"MMS701","Rhizophilic",134,683.5345,48,"GAAGATCCAAGTCGGA",NA,"H6","MM-Salvage",2017,"WL","D",2,"B2A3C","RecipientPost"
"MMS701",NA,2,10.5632,48,"GAAGATCCAAGTCGGA",NA,"H6","MM-Salvage",2017,"WL","D",2,"B2A3C","RecipientPost"
"MMS702","Ancestral",24,120.4316,49,"GAAGATCCTGGTAACC",NA,"A7","MM-Salvage",2017,"WL","D",3,"B3A4C","RecipientPost"
"MMS702","Rhizophilic",133,688.8625,49,"GAAGATCCTGGTAACC",NA,"A7","MM-Salvage",2017,"WL","D",3,"B3A4C","RecipientPost"
"MMS702",NA,4,27.5908,49,"GAAGATCCTGGTAACC",NA,"A7","MM-Salvage",2017,"WL","D",3,"B3A4C","RecipientPost"
"MMS703","Ancestral",19,81.6971,50,"GAAGATCCTGGGTGAT",NA,"B7","MM-Salvage",2017,"PS","D",1,"ED","RecipientPost"
"MMS703","Rhizophilic",117,642.9272,50,"GAAGATCCTGGGTGAT",NA,"B7","MM-Salvage",2017,"PS","D",1,"ED","RecipientPost"
"MMS703",NA,2,9.3438,50,"GAAGATCCTGGGTGAT",NA,"B7","MM-Salvage",2017,"PS","D",1,"ED","RecipientPost"
"MMS704","Ancestral",23,109.2323,51,"GAAGATCCTACTGTGC",NA,"C7","MM-Salvage",2017,"PS","D",2,"ED","RecipientPost"
"MMS704","Rhizophilic",124,586.7194,51,"GAAGATCCTACTGTGC",NA,"C7","MM-Salvage",2017,"PS","D",2,"ED","RecipientPost"
"MMS704",NA,1,5.9968,51,"GAAGATCCTACTGTGC",NA,"C7","MM-Salvage",2017,"PS","D",2,"ED","RecipientPost"
"MMS705","Ancestral",20,94.3465,52,"GAAGATCCAGAGTGTG",NA,"D7","MM-Salvage",2017,"PS","D",3,"ED","RecipientPost"
"MMS705","Rhizophilic",125,602.4273,52,"GAAGATCCAGAGTGTG",NA,"D7","MM-Salvage",2017,"PS","D",3,"ED","RecipientPost"
"MMS705",NA,6,36.4184,52,"GAAGATCCAGAGTGTG",NA,"D7","MM-Salvage",2017,"PS","D",3,"ED","RecipientPost"
"MMS706","Ancestral",25,103.1046,53,"GAAGATCCTCGATTGG",NA,"E7","MM-Salvage",2017,"HH","D",1,"CB2","RecipientPost"
"MMS706","Rhizophilic",153,747.1442,53,"GAAGATCCTCGATTGG",NA,"E7","MM-Salvage",2017,"HH","D",1,"CB2","RecipientPost"
"MMS706",NA,5,17.2991,53,"GAAGATCCTCGATTGG",NA,"E7","MM-Salvage",2017,"HH","D",1,"CB2","RecipientPost"
"MMS707","Ancestral",22,88.5791,54,"GAAGATCCTTGTGGAG",NA,"F7","MM-Salvage",2017,"HH","D",2,"CB2","RecipientPost"
"MMS707","Rhizophilic",144,726.1007,54,"GAAGATCCTTGTGGAG",NA,"F7","MM-Salvage",2017,"HH","D",2,"CB2","RecipientPost"
"MMS707",NA,4,16.7606,54,"GAAGATCCTTGTGGAG",NA,"F7","MM-Salvage",2017,"HH","D",2,"CB2","RecipientPost"
"MMS708","Ancestral",18,87.8285,55,"GCAATGGTCTCTCAAG",NA,"G7","MM-Salvage",2017,"HH","D",3,"CB2","RecipientPost"
"MMS708","Rhizophilic",96,535.6108,55,"GCAATGGTCTCTCAAG",NA,"G7","MM-Salvage",2017,"HH","D",3,"CB2","RecipientPost"
"MMS708",NA,3,14.437,55,"GCAATGGTCTCTCAAG",NA,"G7","MM-Salvage",2017,"HH","D",3,"CB2","RecipientPost"
"MMS709","Ancestral",28,144.7409,56,"GCAATGGTAAGTCGGA",NA,"H7","MM-Salvage",2017,"WL","F",1,"B1A2C","RecipientPost"
"MMS709","Rhizophilic",151,738.0172,56,"GCAATGGTAAGTCGGA",NA,"H7","MM-Salvage",2017,"WL","F",1,"B1A2C","RecipientPost"
"MMS709",NA,4,19.7189,56,"GCAATGGTAAGTCGGA",NA,"H7","MM-Salvage",2017,"WL","F",1,"B1A2C","RecipientPost"
"MMS710","Ancestral",32,149.6011,57,"GCAATGGTTGGTAACC",NA,"A8","MM-Salvage",2017,"WL","F",2,"B1A2C","RecipientPost"
"MMS710","Rhizophilic",147,707.4662,57,"GCAATGGTTGGTAACC",NA,"A8","MM-Salvage",2017,"WL","F",2,"B1A2C","RecipientPost"
"MMS710",NA,6,26.2398,57,"GCAATGGTTGGTAACC",NA,"A8","MM-Salvage",2017,"WL","F",2,"B1A2C","RecipientPost"
"MMS711","Ancestral",27,132.3444,58,"GCAATGGTTGGGTGAT",NA,"B8","MM-Salvage",2017,"WL","F",3,"B1A2C","RecipientPost"
"MMS711","Rhizophilic",138,663.2572,58,"GCAATGGTTGGGTGAT",NA,"B8","MM-Salvage",2017,"WL","F",3,"B1A2C","RecipientPost"
"MMS711",NA,5,28.2395,58,"GCAATGGTTGGGTGAT",NA,"B8","MM-Salvage",2017,"WL","F",3,"B1A2C","RecipientPost"
"MMS712","Ancestral",25,105.0905,59,"GCAATGGTTACTGTGC",NA,"B9","MM-Salvage",2017,"PS","F",1,"ED","RecipientPost"
"MMS712","Rhizophilic",150,827.6411,59,"GCAATGGTTACTGTGC",NA,"B9","MM-Salvage",2017,"PS","F",1,"ED","RecipientPost"
"MMS712",NA,4,20.3455,59,"GCAATGGTTACTGTGC",NA,"B9","MM-Salvage",2017,"PS","F",1,"ED","RecipientPost"
"MMS713","Ancestral",28,150.2774,60,"GCAATGGTAGAGTGTG",NA,"B10","MM-Salvage",2017,"PS","F",2,"ED","RecipientPost"
"MMS713","Rhizophilic",150,763.5753,60,"GCAATGGTAGAGTGTG",NA,"B10","MM-Salvage",2017,"PS","F",2,"ED","RecipientPost"
"MMS713",NA,3,12.9441,60,"GCAATGGTAGAGTGTG",NA,"B10","MM-Salvage",2017,"PS","F",2,"ED","RecipientPost"
"MMS714","Ancestral",26,117.5826,61,"GCAATGGTTCGATTGG",NA,"B11","MM-Salvage",2017,"PS","F",3,"ED","RecipientPost"
"MMS714","Rhizophilic",140,715.7492,61,"GCAATGGTTCGATTGG",NA,"B11","MM-Salvage",2017,"PS","F",3,"ED","RecipientPost"
"MMS714",NA,5,23.6192,61,"GCAATGGTTCGATTGG",NA,"B11","MM-Salvage",2017,"PS","F",3,"ED","RecipientPost"
"MMS715","Ancestral",22,104.5658,62,"GCAATGGTTTGTGGAG",NA,"B12","MM-Salvage",2017,"HH","F",1,"CB2","RecipientPost"
"MMS715","Rhizophilic",142,691.1689,62,"GCAATGGTTTGTGGAG",NA,"B12","MM-Salvage",2017,"HH","F",1,"CB2","RecipientPost"
"MMS715",NA,8,38.9059,62,"GCAATGGTTTGTGGAG",NA,"B12","MM-Salvage",2017,"HH","F",1,"CB2","RecipientPost"
"MMS716","Ancestral",33,116.3144,39,"ATGCTTGGCTCTCAAG",NA,"G5","MM-Salvage",2017,"HH","F",1,"CB2","RecipientPost"
"MMS716","Rhizophilic",158,749.0753,39,"ATGCTTGGCTCTCAAG",NA,"G5","MM-Salvage",2017,"HH","F",1,"CB2","RecipientPost"
"MMS716",NA,5,21.3341,39,"ATGCTTGGCTCTCAAG",NA,"G5","MM-Salvage",2017,"HH","F",1,"CB2","RecipientPost"
"MMS717","Ancestral",22,96.9936,40,"ATGCTTGGAAGTCGGA",NA,"H5","MM-Salvage",2017,"HH","F",2,"CB3","RecipientPost"
"MMS717","Rhizophilic",128,608.7064,40,"ATGCTTGGAAGTCGGA",NA,"H5","MM-Salvage",2017,"HH","F",2,"CB3","RecipientPost"
"MMS717",NA,6,28.38,40,"ATGCTTGGAAGTCGGA",NA,"H5","MM-Salvage",2017,"HH","F",2,"CB3","RecipientPost"
"MMS890","Ancestral",23,109.4018,36,"GAGATCGTAGAGTGTG",NA,"D5","MM-Salvage",2015,"DS","O",3,NA,"Donor"
"MMS890","Rhizophilic",130,656.195,36,"GAGATCGTAGAGTGTG",NA,"D5","MM-Salvage",2015,"DS","O",3,NA,"Donor"
"MMS890",NA,3,14.8365,36,"GAGATCGTAGAGTGTG",NA,"D5","MM-Salvage",2015,"DS","O",3,NA,"Donor"
"MMS891","Ancestral",23,112.4834,41,"ATGCTTGGTGGTAACC",NA,"A6","MM-Salvage",2015,"DS","O",4,NA,"Donor"
"MMS891","Rhizophilic",136,715.6764,41,"ATGCTTGGTGGTAACC",NA,"A6","MM-Salvage",2015,"DS","O",4,NA,"Donor"
"MMS891",NA,4,24.7476,41,"ATGCTTGGTGGTAACC",NA,"A6","MM-Salvage",2015,"DS","O",4,NA,"Donor"
"MMS900","Ancestral",24,112.2006,7,"CAGGGTTTCTCTCAAG",NA,"G1","MM-Salvage",2017,"HH","C",1,"CB2","RecipientPost"
"MMS900","Rhizophilic",135,677.0271,7,"CAGGGTTTCTCTCAAG",NA,"G1","MM-Salvage",2017,"HH","C",1,"CB2","RecipientPost"
"MMS900",NA,8,36.4438,7,"CAGGGTTTCTCTCAAG",NA,"G1","MM-Salvage",2017,"HH","C",1,"CB2","RecipientPost"
"MMS901","Ancestral",20,85.7261,8,"CAGGGTTTAAGTCGGA",NA,"H1","MM-Salvage",2017,"HH","T",2,"CB2","RecipientPost"
"MMS901","Rhizophilic",120,615.2125,8,"CAGGGTTTAAGTCGGA",NA,"H1","MM-Salvage",2017,"HH","T",2,"CB2","RecipientPost"
"MMS901",NA,4,20.5635,8,"CAGGGTTTAAGTCGGA",NA,"H1","MM-Salvage",2017,"HH","T",2,"CB2","RecipientPost"
"MMS902","Ancestral",22,105.9427,9,"CAGGGTTTTGGTAACC",NA,"A2","MM-Salvage",2017,"HH","S",3,"CB2","RecipientPost"
"MMS902","Rhizophilic",144,725.2491,9,"CAGGGTTTTGGTAACC",NA,"A2","MM-Salvage",2017,"HH","S",3,"CB2","RecipientPost"
"MMS902",NA,5,27.5647,9,"CAGGGTTTTGGTAACC",NA,"A2","MM-Salvage",2017,"HH","S",3,"CB2","RecipientPost"
"MMS903","Ancestral",27,126.8706,10,"CAGGGTTTTGGGTGAT",NA,"B2","MM-Salvage",2017,"HH","C",1,"CB2","RecipientPost"
"MMS903","Rhizophilic",156,800.7855,10,"CAGGGTTTTGGGTGAT",NA,"B2","MM-Salvage",2017,"HH","C",1,"CB2","RecipientPost"
"MMS903",NA,3,15.7355,10,"CAGGGTTTTGGGTGAT",NA,"B2","MM-Salvage",2017,"HH","C",1,"CB2","RecipientPost"
"MMS904","Ancestral",26,118.0889,11,"CAGGGTTTTACTGTGC",NA,"C2","MM-Salvage",2017,"HH","T",2,"CB2","RecipientPost"
"MMS904","Rhizophilic",147,771.4142,11,"CAGGGTTTTACTGTGC",NA,"C2","MM-Salvage",2017,"HH","T",2,"CB2","RecipientPost"
"MMS904",NA,5,26.44,11,"CAGGGTTTTACTGTGC",NA,"C2","MM-Salvage",2017,"HH","T",2,"CB2","RecipientPost"
"MMS905","Ancestral",27,119.2903,12,"CAGGGTTTAGAGTGTG",NA,"D2","MM-Salvage",2017,"HH","S",3,"CB2","RecipientPost"
"MMS905","Rhizophilic",161,747.8229,12,"CAGGGTTTAGAGTGTG",NA,"D2","MM-Salvage",2017,"HH","S",3,"CB2","RecipientPost"
"MMS905",NA,5,20.7798,12,"CAGGGTTTAGAGTGTG",NA,"D2","MM-Salvage",2017,"HH","S",3,"CB2","RecipientPost"
"MMS906","Ancestral",26,135.9624,13,"CAGGGTTTTCGATTGG",NA,"E2","MM-Salvage",2017,"HH","C",1,"CB2","RecipientPost"
"MMS906","Rhizophilic",123,626.3502,13,"CAGGGTTTTCGATTGG",NA,"E2","MM-Salvage",2017,"HH","C",1,"CB2","RecipientPost"
"MMS906",NA,3,13.7399,13,"CAGGGTTTTCGATTGG",NA,"E2","MM-Salvage",2017,"HH","C",1,"CB2","RecipientPost"
"MMS907","Ancestral",26,121.3671,14,"CAGGGTTTTTGTGGAG",NA,"F2","MM-Salvage",2017,"HH","T",2,"CB2","RecipientPost"
"MMS907","Rhizophilic",140,659.6955,14,"CAGGGTTTTTGTGGAG",NA,"F2","MM-Salvage",2017,"HH","T",2,"CB2","RecipientPost"
"MMS907",NA,4,17.914,14,"CAGGGTTTTTGTGGAG",NA,"F2","MM-Salvage",2017,"HH","T",2,"CB2","RecipientPost"
"MMS908","Ancestral",24,122.4349,15,"TGTTGGAGCTCTCAAG",NA,"G2","MM-Salvage",2017,"HH","S",3,"CB2","RecipientPost"
"MMS908","Rhizophilic",131,687.3789,15,"TGTTGGAGCTCTCAAG",NA,"G2","MM-Salvage",2017,"HH","S",3,"CB2","RecipientPost"
"MMS908",NA,3,16.2126,15,"TGTTGGAGCTCTCAAG",NA,"G2","MM-Salvage",2017,"HH","S",3,"CB2","RecipientPost"
"MMS909","Ancestral",20,87.6498,16,"TGTTGGAGAAGTCGGA",NA,"H2","MM-Salvage",2017,"PS","C",1,"ED","RecipientPost"
"MMS909","Rhizophilic",131,711.9349,16,"TGTTGGAGAAGTCGGA",NA,"H2","MM-Salvage",2017,"PS","C",1,"ED","RecipientPost"
"MMS909",NA,4,16.0658,16,"TGTTGGAGAAGTCGGA",NA,"H2","MM-Salvage",2017,"PS","C",1,"ED","RecipientPost"
"MMS910","Ancestral",20,69.1227,17,"TGTTGGAGTGGTAACC",NA,"A3","MM-Salvage",2017,"PS","T",2,"ED","RecipientPost"
"MMS910","Rhizophilic",132,782.339,17,"TGTTGGAGTGGTAACC",NA,"A3","MM-Salvage",2017,"PS","T",2,"ED","RecipientPost"
"MMS910",NA,4,20.1113,17,"TGTTGGAGTGGTAACC",NA,"A3","MM-Salvage",2017,"PS","T",2,"ED","RecipientPost"
"MMS911","Ancestral",22,89.5036,18,"TGTTGGAGTGGGTGAT",NA,"B3","MM-Salvage",2017,"PS","S",3,"ED","RecipientPost"
"MMS911","Rhizophilic",139,724.5641,18,"TGTTGGAGTGGGTGAT",NA,"B3","MM-Salvage",2017,"PS","S",3,"ED","RecipientPost"
"MMS911",NA,4,21.5031,18,"TGTTGGAGTGGGTGAT",NA,"B3","MM-Salvage",2017,"PS","S",3,"ED","RecipientPost"
"MMS912","Ancestral",31,145.6422,19,"TGTTGGAGTACTGTGC",NA,"C3","MM-Salvage",2017,"PS","C",1,"ED","RecipientPost"
"MMS912","Rhizophilic",146,709.5219,19,"TGTTGGAGTACTGTGC",NA,"C3","MM-Salvage",2017,"PS","C",1,"ED","RecipientPost"
"MMS912",NA,4,18.8699,19,"TGTTGGAGTACTGTGC",NA,"C3","MM-Salvage",2017,"PS","C",1,"ED","RecipientPost"
"MMS913","Ancestral",24,105.7405,20,"TGTTGGAGAGAGTGTG",NA,"D3","MM-Salvage",2017,"PS","T",2,"ED","RecipientPost"
"MMS913","Rhizophilic",147,743.9798,20,"TGTTGGAGAGAGTGTG",NA,"D3","MM-Salvage",2017,"PS","T",2,"ED","RecipientPost"
"MMS913",NA,3,11.1508,20,"TGTTGGAGAGAGTGTG",NA,"D3","MM-Salvage",2017,"PS","T",2,"ED","RecipientPost"
"MMS914","Ancestral",23,108.7047,21,"TGTTGGAGTCGATTGG",NA,"E3","MM-Salvage",2017,"PS","S",3,"ED","RecipientPost"
"MMS914","Rhizophilic",141,660.087,21,"TGTTGGAGTCGATTGG",NA,"E3","MM-Salvage",2017,"PS","S",3,"ED","RecipientPost"
"MMS914",NA,4,12.8687,21,"TGTTGGAGTCGATTGG",NA,"E3","MM-Salvage",2017,"PS","S",3,"ED","RecipientPost"
"MMS915","Ancestral",23,98.8369,22,"TGTTGGAGTTGTGGAG",NA,"F3","MM-Salvage",2017,"PS","C",1,"ED","RecipientPost"
"MMS915","Rhizophilic",137,669.3066,22,"TGTTGGAGTTGTGGAG",NA,"F3","MM-Salvage",2017,"PS","C",1,"ED","RecipientPost"
"MMS915",NA,6,34.157,22,"TGTTGGAGTTGTGGAG",NA,"F3","MM-Salvage",2017,"PS","C",1,"ED","RecipientPost"
"MMS916","Ancestral",19,81.986,23,"TCTGCCTACTCTCAAG",NA,"G3","MM-Salvage",2017,"PS","T",2,"ED","RecipientPost"
"MMS916","Rhizophilic",131,607.3096,23,"TCTGCCTACTCTCAAG",NA,"G3","MM-Salvage",2017,"PS","T",2,"ED","RecipientPost"
"MMS916",NA,6,32.0845,23,"TCTGCCTACTCTCAAG",NA,"G3","MM-Salvage",2017,"PS","T",2,"ED","RecipientPost"
"MMS917","Ancestral",21,96.4044,24,"TCTGCCTAAAGTCGGA",NA,"H3","MM-Salvage",2017,"PS","S",3,"ED","RecipientPost"
"MMS917","Rhizophilic",102,553.3378,24,"TCTGCCTAAAGTCGGA",NA,"H3","MM-Salvage",2017,"PS","S",3,"ED","RecipientPost"
"MMS917",NA,4,16.4583,24,"TCTGCCTAAAGTCGGA",NA,"H3","MM-Salvage",2017,"PS","S",3,"ED","RecipientPost"
"MMS918","Ancestral",23,134.1946,25,"TCTGCCTATGGTAACC",NA,"A4","MM-Salvage",2017,"HH","C",1,"CB2","RecipientPost"
"MMS918","Rhizophilic",121,655.0727,25,"TCTGCCTATGGTAACC",NA,"A4","MM-Salvage",2017,"HH","C",1,"CB2","RecipientPost"
"MMS918",NA,4,33.8425,25,"TCTGCCTATGGTAACC",NA,"A4","MM-Salvage",2017,"HH","C",1,"CB2","RecipientPost"
"MMS919","Ancestral",24,124.5143,26,"TCTGCCTATGGGTGAT",NA,"B4","MM-Salvage",2017,"HH","T",2,"CB2","RecipientPost"
"MMS919","Rhizophilic",145,724.212,26,"TCTGCCTATGGGTGAT",NA,"B4","MM-Salvage",2017,"HH","T",2,"CB2","RecipientPost"
"MMS919",NA,4,21.6073,26,"TCTGCCTATGGGTGAT",NA,"B4","MM-Salvage",2017,"HH","T",2,"CB2","RecipientPost"
"MMS920","Ancestral",23,90.1596,27,"TCTGCCTATACTGTGC",NA,"C4","MM-Salvage",2017,"HH","S",3,"CB2","RecipientPost"
"MMS920","Rhizophilic",135,626.1759,27,"TCTGCCTATACTGTGC",NA,"C4","MM-Salvage",2017,"HH","S",3,"CB2","RecipientPost"
"MMS920",NA,4,23.3063,27,"TCTGCCTATACTGTGC",NA,"C4","MM-Salvage",2017,"HH","S",3,"CB2","RecipientPost"
"MMS921","Ancestral",31,131.2242,28,"TCTGCCTAAGAGTGTG",NA,"D4","MM-Salvage",2017,"HH","C",1,"CB2","RecipientPost"
"MMS921","Rhizophilic",163,725.6111,28,"TCTGCCTAAGAGTGTG",NA,"D4","MM-Salvage",2017,"HH","C",1,"CB2","RecipientPost"
"MMS921",NA,4,25.8402,28,"TCTGCCTAAGAGTGTG",NA,"D4","MM-Salvage",2017,"HH","C",1,"CB2","RecipientPost"
"MMS922","Ancestral",29,131.2916,29,"TCTGCCTATCGATTGG",NA,"E4","MM-Salvage",2017,"HH","T",2,"CB2","RecipientPost"
"MMS922","Rhizophilic",143,693.799,29,"TCTGCCTATCGATTGG",NA,"E4","MM-Salvage",2017,"HH","T",2,"CB2","RecipientPost"
"MMS922",NA,5,24.3087,29,"TCTGCCTATCGATTGG",NA,"E4","MM-Salvage",2017,"HH","T",2,"CB2","RecipientPost"
"MMS923","Ancestral",28,115.523,30,"TCTGCCTATTGTGGAG",NA,"F4","MM-Salvage",2017,"HH","S",3,"CB2","RecipientPost"
"MMS923","Rhizophilic",142,689.8531,30,"TCTGCCTATTGTGGAG",NA,"F4","MM-Salvage",2017,"HH","S",3,"CB2","RecipientPost"
"MMS923",NA,7,37.0005,30,"TCTGCCTATTGTGGAG",NA,"F4","MM-Salvage",2017,"HH","S",3,"CB2","RecipientPost"
"MMS924","Ancestral",25,129.7297,31,"GAGATCGTCTCTCAAG",NA,"G4","MM-Salvage",2017,"HH","C",1,"CB2","RecipientPost"
"MMS924","Rhizophilic",110,578.5524,31,"GAGATCGTCTCTCAAG",NA,"G4","MM-Salvage",2017,"HH","C",1,"CB2","RecipientPost"
"MMS924",NA,5,26.7637,31,"GAGATCGTCTCTCAAG",NA,"G4","MM-Salvage",2017,"HH","C",1,"CB2","RecipientPost"
"MMS925","Ancestral",28,140.2141,32,"GAGATCGTAAGTCGGA",NA,"H4","MM-Salvage",2017,"HH","T",2,"CB2","RecipientPost"
"MMS925","Rhizophilic",144,680.3472,32,"GAGATCGTAAGTCGGA",NA,"H4","MM-Salvage",2017,"HH","T",2,"CB2","RecipientPost"
"MMS925",NA,4,18.2313,32,"GAGATCGTAAGTCGGA",NA,"H4","MM-Salvage",2017,"HH","T",2,"CB2","RecipientPost"
"MMS928","Ancestral",22,119.4504,42,"ATGCTTGGTGGGTGAT",NA,"B6","MM-Salvage",2015,"HH","O",1,NA,"RecipientPre"
"MMS928","Rhizophilic",127,635.5574,42,"ATGCTTGGTGGGTGAT",NA,"B6","MM-Salvage",2015,"HH","O",1,NA,"RecipientPre"
"MMS928",NA,3,16.1144,42,"ATGCTTGGTGGGTGAT",NA,"B6","MM-Salvage",2015,"HH","O",1,NA,"RecipientPre"
"MMS929","Ancestral",29,137.5858,43,"ATGCTTGGTACTGTGC",NA,"C6","MM-Salvage",2015,"HH","O",2,NA,"RecipientPre"
"MMS929","Rhizophilic",141,679.444,43,"ATGCTTGGTACTGTGC",NA,"C6","MM-Salvage",2015,"HH","O",2,NA,"RecipientPre"
"MMS929",NA,3,14.5723,43,"ATGCTTGGTACTGTGC",NA,"C6","MM-Salvage",2015,"HH","O",2,NA,"RecipientPre"
"MMS930","Ancestral",20,105.8641,37,"GAGATCGTTCGATTGG",NA,"E5","MM-Salvage",2015,"PS","O",2,NA,"RecipientPre"
"MMS930","Rhizophilic",124,670.8342,37,"GAGATCGTTCGATTGG",NA,"E5","MM-Salvage",2015,"PS","O",2,NA,"RecipientPre"
"MMS930",NA,2,10.716,37,"GAGATCGTTCGATTGG",NA,"E5","MM-Salvage",2015,"PS","O",2,NA,"RecipientPre"
"MMS931","Ancestral",18,77.1201,6,"ATCCCGTATTGTGGAG",NA,"F1","MM-Salvage",2015,"PS","O",1,NA,"RecipientPre"
"MMS931","Rhizophilic",129,647.2344,6,"ATCCCGTATTGTGGAG",NA,"F1","MM-Salvage",2015,"PS","O",1,NA,"RecipientPre"
"MMS931",NA,4,18.779,6,"ATCCCGTATTGTGGAG",NA,"F1","MM-Salvage",2015,"PS","O",1,NA,"RecipientPre"
"MMS932","Ancestral",17,91.6824,45,"ATGCTTGGTCGATTGG",NA,"E6","MM-Salvage",2015,"PS","O",4,NA,"RecipientPre"
"MMS932","Rhizophilic",124,625.2445,45,"ATGCTTGGTCGATTGG",NA,"E6","MM-Salvage",2015,"PS","O",4,NA,"RecipientPre"
"MMS932",NA,3,12.6527,45,"ATGCTTGGTCGATTGG",NA,"E6","MM-Salvage",2015,"PS","O",4,NA,"RecipientPre"
"MMS938","Ancestral",19,77.4648,34,"GAGATCGTTGGGTGAT",NA,"B5","MM-Salvage",2015,"DS","O",1,NA,"Donor"
"MMS938","Rhizophilic",119,594.0779,34,"GAGATCGTTGGGTGAT",NA,"B5","MM-Salvage",2015,"DS","O",1,NA,"Donor"
"MMS938",NA,3,13.1025,34,"GAGATCGTTGGGTGAT",NA,"B5","MM-Salvage",2015,"DS","O",1,NA,"Donor"
"MMS939","Ancestral",20,104.501,35,"GAGATCGTTACTGTGC",NA,"C5","MM-Salvage",2015,"DS","O",2,NA,"Donor"
"MMS939","Rhizophilic",125,652.769,35,"GAGATCGTTACTGTGC",NA,"C5","MM-Salvage",2015,"DS","O",2,NA,"Donor"
"MMS939",NA,2,11.2619,35,"GAGATCGTTACTGTGC",NA,"C5","MM-Salvage",2015,"DS","O",2,NA,"Donor"
"MMS942","Ancestral",17,83.9019,38,"GAGATCGTTTGTGGAG",NA,"F5","MM-Salvage",2015,"PS","O",3,NA,"RecipientPre"
"MMS942","Rhizophilic",111,569.2071,38,"GAGATCGTTTGTGGAG",NA,"F5","MM-Salvage",2015,"PS","O",3,NA,"RecipientPre"
"MMS942",NA,4,31.3227,38,"GAGATCGTTTGTGGAG",NA,"F5","MM-Salvage",2015,"PS","O",3,NA,"RecipientPre"
"MMS943","Ancestral",27,135.8795,44,"ATGCTTGGAGAGTGTG",NA,"D6","MM-Salvage",2015,"WL","O",6,NA,"RecipientPre"
"MMS943","Rhizophilic",142,679.8705,44,"ATGCTTGGAGAGTGTG",NA,"D6","MM-Salvage",2015,"WL","O",6,NA,"RecipientPre"
"MMS943",NA,3,12.3027,44,"ATGCTTGGAGAGTGTG",NA,"D6","MM-Salvage",2015,"WL","O",6,NA,"RecipientPre"
"MMS944","Ancestral",17,87.6177,46,"ATGCTTGGTTGTGGAG",NA,"F6","MM-Salvage",2015,"DS","O",5,NA,"Donor"
"MMS944","Rhizophilic",117,613.2122,46,"ATGCTTGGTTGTGGAG",NA,"F6","MM-Salvage",2015,"DS","O",5,NA,"Donor"
"MMS944",NA,6,25.1142,46,"ATGCTTGGTTGTGGAG",NA,"F6","MM-Salvage",2015,"DS","O",5,NA,"Donor"
