"ID","OTU_Richness_Sample","Ancestral_Richness","Edaphophilic_Richness","Rhizophilic_Richness","Ancestral_Read_Abundance","Edaphophilic_Read_Abundance","Rhizophilic_Read_Abundance","Read_Abundance_Sample","#SampleID","BarcodeSequence","LinkerPrimerSequence","Location","Project","Year","Site","Treat","Rep","TSDel","Description"
"MM933M",130,26,2,102,193.9557,23.198,616.6332,833.7869,5,"ATCCCGTATCGATTGG",NA,"E1","MM-Salvage","2015","WL","O","5",NA,"RecipientPre"
"MM9362CU",167,28,3,136,111.9197,18.3924,755.7206,886.0327,4,"GCAACCTTTCGATTGG",NA,"D1","MM-Salvage","2015","WL","O","4",NA,"RecipientPre"
"MM936M",105,20,1,84,103.9253,12.238,578.8382,695.0015,3,"GCAACCTTAGAGTGTG",NA,"C1","MM-Salvage","2015","WL","O","3",NA,"RecipientPre"
"MM941M",121,19,1,101,95.5699,13.945,678.8615,788.3764,1,"GCAACCTTTGGGTGAT",NA,"A1","MM-Salvage","2015","WL","O","1",NA,"RecipientPre"
"MM943M",99,20,3,76,160.4979,22.9824,494.8464,678.3267,2,"GCAACCTTTACTGTGC",NA,"B1","MM-Salvage","2015","WL","O","2",NA,"RecipientPre"
"MMS700",151,23,3,125,133.2645,18.6176,653.5717,805.4538,47,"GAAGATCCCTCTCAAG",NA,"G6","MM-Salvage","2017","WL","D","1","B1A2C","RecipientPost"
"MMS701",158,22,2,134,119.8418,10.5632,683.5345,813.9395,48,"GAAGATCCAAGTCGGA",NA,"H6","MM-Salvage","2017","WL","D","2","B2A3C","RecipientPost"
"MMS702",161,24,4,133,120.4316,27.5908,688.8625,836.8849,49,"GAAGATCCTGGTAACC",NA,"A7","MM-Salvage","2017","WL","D","3","B3A4C","RecipientPost"
"MMS703",138,19,2,117,81.6971,9.3438,642.9272,733.9681,50,"GAAGATCCTGGGTGAT",NA,"B7","MM-Salvage","2017","PS","D","1","ED","RecipientPost"
"MMS704",148,23,1,124,109.2323,5.9968,586.7194,701.9485,51,"GAAGATCCTACTGTGC",NA,"C7","MM-Salvage","2017","PS","D","2","ED","RecipientPost"
"MMS705",151,20,6,125,94.3465,36.4184,602.4273,733.1922,52,"GAAGATCCAGAGTGTG",NA,"D7","MM-Salvage","2017","PS","D","3","ED","RecipientPost"
"MMS706",183,25,5,153,103.1046,17.2991,747.1442,867.5479,53,"GAAGATCCTCGATTGG",NA,"E7","MM-Salvage","2017","HH","D","1","CB2","RecipientPost"
"MMS707",170,22,4,144,88.5791,16.7606,726.1007,831.4404,54,"GAAGATCCTTGTGGAG",NA,"F7","MM-Salvage","2017","HH","D","2","CB2","RecipientPost"
"MMS708",117,18,3,96,87.8285,14.437,535.6108,637.8763,55,"GCAATGGTCTCTCAAG",NA,"G7","MM-Salvage","2017","HH","D","3","CB2","RecipientPost"
"MMS709",183,28,4,151,144.7409,19.7189,738.0172,902.477,56,"GCAATGGTAAGTCGGA",NA,"H7","MM-Salvage","2017","WL","F","1","B1A2C","RecipientPost"
"MMS710",185,32,6,147,149.6011,26.2398,707.4662,883.3071,57,"GCAATGGTTGGTAACC",NA,"A8","MM-Salvage","2017","WL","F","2","B1A2C","RecipientPost"
"MMS711",170,27,5,138,132.3444,28.2395,663.2572,823.8411,58,"GCAATGGTTGGGTGAT",NA,"B8","MM-Salvage","2017","WL","F","3","B1A2C","RecipientPost"
"MMS712",179,25,4,150,105.0905,20.3455,827.6411,953.0771,59,"GCAATGGTTACTGTGC",NA,"B9","MM-Salvage","2017","PS","F","1","ED","RecipientPost"
"MMS713",181,28,3,150,150.2774,12.9441,763.5753,926.7968,60,"GCAATGGTAGAGTGTG",NA,"B10","MM-Salvage","2017","PS","F","2","ED","RecipientPost"
"MMS714",171,26,5,140,117.5826,23.6192,715.7492,856.951,61,"GCAATGGTTCGATTGG",NA,"B11","MM-Salvage","2017","PS","F","3","ED","RecipientPost"
"MMS715",172,22,8,142,104.5658,38.9059,691.1689,834.6406,62,"GCAATGGTTTGTGGAG",NA,"B12","MM-Salvage","2017","HH","F","1","CB2","RecipientPost"
"MMS716",196,33,5,158,116.3144,21.3341,749.0753,886.7238,39,"ATGCTTGGCTCTCAAG",NA,"G5","MM-Salvage","2017","HH","F","1","CB2","RecipientPost"
"MMS717",156,22,6,128,96.9936,28.38,608.7064,734.08,40,"ATGCTTGGAAGTCGGA",NA,"H5","MM-Salvage","2017","HH","F","2","CB3","RecipientPost"
"MMS890",156,23,3,130,109.4018,14.8365,656.195,780.4333,36,"GAGATCGTAGAGTGTG",NA,"D5","MM-Salvage","2015","DS","O","3",NA,"Donor"
"MMS891",163,23,4,136,112.4834,24.7476,715.6764,852.9074,41,"ATGCTTGGTGGTAACC",NA,"A6","MM-Salvage","2015","DS","O","4",NA,"Donor"
"MMS900",167,24,8,135,112.2006,36.4438,677.0271,825.6715,7,"CAGGGTTTCTCTCAAG",NA,"G1","MM-Salvage","2017","HH","C","1","CB2","RecipientPost"
"MMS901",144,20,4,120,85.7261,20.5635,615.2125,721.5021,8,"CAGGGTTTAAGTCGGA",NA,"H1","MM-Salvage","2017","HH","T","2","CB2","RecipientPost"
"MMS902",171,22,5,144,105.9427,27.5647,725.2491,858.7565,9,"CAGGGTTTTGGTAACC",NA,"A2","MM-Salvage","2017","HH","S","3","CB2","RecipientPost"
"MMS903",186,27,3,156,126.8706,15.7355,800.7855,943.3916,10,"CAGGGTTTTGGGTGAT",NA,"B2","MM-Salvage","2017","HH","C","1","CB2","RecipientPost"
"MMS904",178,26,5,147,118.0889,26.44,771.4142,915.9431,11,"CAGGGTTTTACTGTGC",NA,"C2","MM-Salvage","2017","HH","T","2","CB2","RecipientPost"
"MMS905",193,27,5,161,119.2903,20.7798,747.8229,887.893,12,"CAGGGTTTAGAGTGTG",NA,"D2","MM-Salvage","2017","HH","S","3","CB2","RecipientPost"
"MMS906",152,26,3,123,135.9624,13.7399,626.3502,776.0525,13,"CAGGGTTTTCGATTGG",NA,"E2","MM-Salvage","2017","HH","C","1","CB2","RecipientPost"
"MMS907",170,26,4,140,121.3671,17.914,659.6955,798.9766,14,"CAGGGTTTTTGTGGAG",NA,"F2","MM-Salvage","2017","HH","T","2","CB2","RecipientPost"
"MMS908",158,24,3,131,122.4349,16.2126,687.3789,826.0264,15,"TGTTGGAGCTCTCAAG",NA,"G2","MM-Salvage","2017","HH","S","3","CB2","RecipientPost"
"MMS909",155,20,4,131,87.6498,16.0658,711.9349,815.6505,16,"TGTTGGAGAAGTCGGA",NA,"H2","MM-Salvage","2017","PS","C","1","ED","RecipientPost"
"MMS910",156,20,4,132,69.1227,20.1113,782.339,871.573,17,"TGTTGGAGTGGTAACC",NA,"A3","MM-Salvage","2017","PS","T","2","ED","RecipientPost"
"MMS911",165,22,4,139,89.5036,21.5031,724.5641,835.5708,18,"TGTTGGAGTGGGTGAT",NA,"B3","MM-Salvage","2017","PS","S","3","ED","RecipientPost"
"MMS912",181,31,4,146,145.6422,18.8699,709.5219,874.034,19,"TGTTGGAGTACTGTGC",NA,"C3","MM-Salvage","2017","PS","C","1","ED","RecipientPost"
"MMS913",174,24,3,147,105.7405,11.1508,743.9798,860.8711,20,"TGTTGGAGAGAGTGTG",NA,"D3","MM-Salvage","2017","PS","T","2","ED","RecipientPost"
"MMS914",168,23,4,141,108.7047,12.8687,660.087,781.6604,21,"TGTTGGAGTCGATTGG",NA,"E3","MM-Salvage","2017","PS","S","3","ED","RecipientPost"
"MMS915",166,23,6,137,98.8369,34.157,669.3066,802.3005,22,"TGTTGGAGTTGTGGAG",NA,"F3","MM-Salvage","2017","PS","C","1","ED","RecipientPost"
"MMS916",156,19,6,131,81.986,32.0845,607.3096,721.3801,23,"TCTGCCTACTCTCAAG",NA,"G3","MM-Salvage","2017","PS","T","2","ED","RecipientPost"
"MMS917",127,21,4,102,96.4044,16.4583,553.3378,666.2005,24,"TCTGCCTAAAGTCGGA",NA,"H3","MM-Salvage","2017","PS","S","3","ED","RecipientPost"
"MMS918",148,23,4,121,134.1946,33.8425,655.0727,823.1098,25,"TCTGCCTATGGTAACC",NA,"A4","MM-Salvage","2017","HH","C","1","CB2","RecipientPost"
"MMS919",173,24,4,145,124.5143,21.6073,724.212,870.3336,26,"TCTGCCTATGGGTGAT",NA,"B4","MM-Salvage","2017","HH","T","2","CB2","RecipientPost"
"MMS920",162,23,4,135,90.1596,23.3063,626.1759,739.6418,27,"TCTGCCTATACTGTGC",NA,"C4","MM-Salvage","2017","HH","S","3","CB2","RecipientPost"
"MMS921",198,31,4,163,131.2242,25.8402,725.6111,882.6755,28,"TCTGCCTAAGAGTGTG",NA,"D4","MM-Salvage","2017","HH","C","1","CB2","RecipientPost"
"MMS922",177,29,5,143,131.2916,24.3087,693.799,849.3993,29,"TCTGCCTATCGATTGG",NA,"E4","MM-Salvage","2017","HH","T","2","CB2","RecipientPost"
"MMS923",177,28,7,142,115.523,37.0005,689.8531,842.3766,30,"TCTGCCTATTGTGGAG",NA,"F4","MM-Salvage","2017","HH","S","3","CB2","RecipientPost"
"MMS924",140,25,5,110,129.7297,26.7637,578.5524,735.0458,31,"GAGATCGTCTCTCAAG",NA,"G4","MM-Salvage","2017","HH","C","1","CB2","RecipientPost"
"MMS925",176,28,4,144,140.2141,18.2313,680.3472,838.7926,32,"GAGATCGTAAGTCGGA",NA,"H4","MM-Salvage","2017","HH","T","2","CB2","RecipientPost"
"MMS928",152,22,3,127,119.4504,16.1144,635.5574,771.1222,42,"ATGCTTGGTGGGTGAT",NA,"B6","MM-Salvage","2015","HH","O","1",NA,"RecipientPre"
"MMS929",173,29,3,141,137.5858,14.5723,679.444,831.6021,43,"ATGCTTGGTACTGTGC",NA,"C6","MM-Salvage","2015","HH","O","2",NA,"RecipientPre"
"MMS930",146,20,2,124,105.8641,10.716,670.8342,787.4143,37,"GAGATCGTTCGATTGG",NA,"E5","MM-Salvage","2015","PS","O","2",NA,"RecipientPre"
"MMS931",151,18,4,129,77.1201,18.779,647.2344,743.1335,6,"ATCCCGTATTGTGGAG",NA,"F1","MM-Salvage","2015","PS","O","1",NA,"RecipientPre"
"MMS932",144,17,3,124,91.6824,12.6527,625.2445,729.5796,45,"ATGCTTGGTCGATTGG",NA,"E6","MM-Salvage","2015","PS","O","4",NA,"RecipientPre"
"MMS938",141,19,3,119,77.4648,13.1025,594.0779,684.6452,34,"GAGATCGTTGGGTGAT",NA,"B5","MM-Salvage","2015","DS","O","1",NA,"Donor"
"MMS939",147,20,2,125,104.501,11.2619,652.769,768.5319,35,"GAGATCGTTACTGTGC",NA,"C5","MM-Salvage","2015","DS","O","2",NA,"Donor"
"MMS942",132,17,4,111,83.9019,31.3227,569.2071,684.4317,38,"GAGATCGTTTGTGGAG",NA,"F5","MM-Salvage","2015","PS","O","3",NA,"RecipientPre"
"MMS943",172,27,3,142,135.8795,12.3027,679.8705,828.0527,44,"ATGCTTGGAGAGTGTG",NA,"D6","MM-Salvage","2015","WL","O","6",NA,"RecipientPre"
"MMS944",140,17,6,117,87.6177,25.1142,613.2122,725.9441,46,"ATGCTTGGTTGTGGAG",NA,"F6","MM-Salvage","2015","DS","O","5",NA,"Donor"
