"ID","OTU_Richness_Sample","Read_Abundance_Sample","#SampleID","BarcodeSequence","LinkerPrimerSequence","Location","Project","Year","Site","Treat","Rep","TSDel","Description"
"MM933M",130,833.7869,5,"ATCCCGTATCGATTGG",NA,"E1","MM-Salvage","2015","WL","O","5",NA,"RecipientPre"
"MM9362CU",167,886.0327,4,"GCAACCTTTCGATTGG",NA,"D1","MM-Salvage","2015","WL","O","4",NA,"RecipientPre"
"MM936M",105,695.0015,3,"GCAACCTTAGAGTGTG",NA,"C1","MM-Salvage","2015","WL","O","3",NA,"RecipientPre"
"MM941M",121,788.3764,1,"GCAACCTTTGGGTGAT",NA,"A1","MM-Salvage","2015","WL","O","1",NA,"RecipientPre"
"MM943M",99,678.3267,2,"GCAACCTTTACTGTGC",NA,"B1","MM-Salvage","2015","WL","O","2",NA,"RecipientPre"
"MMS700",151,805.4538,47,"GAAGATCCCTCTCAAG",NA,"G6","MM-Salvage","2017","WL","D","1","B1A2C","RecipientPost"
"MMS701",158,813.9395,48,"GAAGATCCAAGTCGGA",NA,"H6","MM-Salvage","2017","WL","D","2","B2A3C","RecipientPost"
"MMS702",161,836.8849,49,"GAAGATCCTGGTAACC",NA,"A7","MM-Salvage","2017","WL","D","3","B3A4C","RecipientPost"
"MMS703",138,733.9681,50,"GAAGATCCTGGGTGAT",NA,"B7","MM-Salvage","2017","PS","D","1","ED","RecipientPost"
"MMS704",148,701.9485,51,"GAAGATCCTACTGTGC",NA,"C7","MM-Salvage","2017","PS","D","2","ED","RecipientPost"
"MMS705",151,733.1922,52,"GAAGATCCAGAGTGTG",NA,"D7","MM-Salvage","2017","PS","D","3","ED","RecipientPost"
"MMS706",183,867.5479,53,"GAAGATCCTCGATTGG",NA,"E7","MM-Salvage","2017","HH","D","1","CB2","RecipientPost"
"MMS707",170,831.4404,54,"GAAGATCCTTGTGGAG",NA,"F7","MM-Salvage","2017","HH","D","2","CB2","RecipientPost"
"MMS708",117,637.8763,55,"GCAATGGTCTCTCAAG",NA,"G7","MM-Salvage","2017","HH","D","3","CB2","RecipientPost"
"MMS709",183,902.477,56,"GCAATGGTAAGTCGGA",NA,"H7","MM-Salvage","2017","WL","F","1","B1A2C","RecipientPost"
"MMS710",185,883.3071,57,"GCAATGGTTGGTAACC",NA,"A8","MM-Salvage","2017","WL","F","2","B1A2C","RecipientPost"
"MMS711",170,823.8411,58,"GCAATGGTTGGGTGAT",NA,"B8","MM-Salvage","2017","WL","F","3","B1A2C","RecipientPost"
"MMS712",179,953.0771,59,"GCAATGGTTACTGTGC",NA,"B9","MM-Salvage","2017","PS","F","1","ED","RecipientPost"
"MMS713",181,926.7968,60,"GCAATGGTAGAGTGTG",NA,"B10","MM-Salvage","2017","PS","F","2","ED","RecipientPost"
"MMS714",171,856.951,61,"GCAATGGTTCGATTGG",NA,"B11","MM-Salvage","2017","PS","F","3","ED","RecipientPost"
"MMS715",172,834.6406,62,"GCAATGGTTTGTGGAG",NA,"B12","MM-Salvage","2017","HH","F","1","CB2","RecipientPost"
"MMS716",196,886.7238,39,"ATGCTTGGCTCTCAAG",NA,"G5","MM-Salvage","2017","HH","F","1","CB2","RecipientPost"
"MMS717",156,734.08,40,"ATGCTTGGAAGTCGGA",NA,"H5","MM-Salvage","2017","HH","F","2","CB3","RecipientPost"
"MMS890",156,780.4333,36,"GAGATCGTAGAGTGTG",NA,"D5","MM-Salvage","2015","DS","O","3",NA,"Donor"
"MMS891",163,852.9074,41,"ATGCTTGGTGGTAACC",NA,"A6","MM-Salvage","2015","DS","O","4",NA,"Donor"
"MMS900",167,825.6715,7,"CAGGGTTTCTCTCAAG",NA,"G1","MM-Salvage","2017","HH","C","1","CB2","RecipientPost"
"MMS901",144,721.5021,8,"CAGGGTTTAAGTCGGA",NA,"H1","MM-Salvage","2017","HH","T","2","CB2","RecipientPost"
"MMS902",171,858.7565,9,"CAGGGTTTTGGTAACC",NA,"A2","MM-Salvage","2017","HH","S","3","CB2","RecipientPost"
"MMS903",186,943.3916,10,"CAGGGTTTTGGGTGAT",NA,"B2","MM-Salvage","2017","HH","C","1","CB2","RecipientPost"
"MMS904",178,915.9431,11,"CAGGGTTTTACTGTGC",NA,"C2","MM-Salvage","2017","HH","T","2","CB2","RecipientPost"
"MMS905",193,887.893,12,"CAGGGTTTAGAGTGTG",NA,"D2","MM-Salvage","2017","HH","S","3","CB2","RecipientPost"
"MMS906",152,776.0525,13,"CAGGGTTTTCGATTGG",NA,"E2","MM-Salvage","2017","HH","C","1","CB2","RecipientPost"
"MMS907",170,798.9766,14,"CAGGGTTTTTGTGGAG",NA,"F2","MM-Salvage","2017","HH","T","2","CB2","RecipientPost"
"MMS908",158,826.0264,15,"TGTTGGAGCTCTCAAG",NA,"G2","MM-Salvage","2017","HH","S","3","CB2","RecipientPost"
"MMS909",155,815.6505,16,"TGTTGGAGAAGTCGGA",NA,"H2","MM-Salvage","2017","PS","C","1","ED","RecipientPost"
"MMS910",156,871.573,17,"TGTTGGAGTGGTAACC",NA,"A3","MM-Salvage","2017","PS","T","2","ED","RecipientPost"
"MMS911",165,835.5708,18,"TGTTGGAGTGGGTGAT",NA,"B3","MM-Salvage","2017","PS","S","3","ED","RecipientPost"
"MMS912",181,874.034,19,"TGTTGGAGTACTGTGC",NA,"C3","MM-Salvage","2017","PS","C","1","ED","RecipientPost"
"MMS913",174,860.8711,20,"TGTTGGAGAGAGTGTG",NA,"D3","MM-Salvage","2017","PS","T","2","ED","RecipientPost"
"MMS914",168,781.6604,21,"TGTTGGAGTCGATTGG",NA,"E3","MM-Salvage","2017","PS","S","3","ED","RecipientPost"
"MMS915",166,802.3005,22,"TGTTGGAGTTGTGGAG",NA,"F3","MM-Salvage","2017","PS","C","1","ED","RecipientPost"
"MMS916",156,721.3801,23,"TCTGCCTACTCTCAAG",NA,"G3","MM-Salvage","2017","PS","T","2","ED","RecipientPost"
"MMS917",127,666.2005,24,"TCTGCCTAAAGTCGGA",NA,"H3","MM-Salvage","2017","PS","S","3","ED","RecipientPost"
"MMS918",148,823.1098,25,"TCTGCCTATGGTAACC",NA,"A4","MM-Salvage","2017","HH","C","1","CB2","RecipientPost"
"MMS919",173,870.3336,26,"TCTGCCTATGGGTGAT",NA,"B4","MM-Salvage","2017","HH","T","2","CB2","RecipientPost"
"MMS920",162,739.6418,27,"TCTGCCTATACTGTGC",NA,"C4","MM-Salvage","2017","HH","S","3","CB2","RecipientPost"
"MMS921",198,882.6755,28,"TCTGCCTAAGAGTGTG",NA,"D4","MM-Salvage","2017","HH","C","1","CB2","RecipientPost"
"MMS922",177,849.3993,29,"TCTGCCTATCGATTGG",NA,"E4","MM-Salvage","2017","HH","T","2","CB2","RecipientPost"
"MMS923",177,842.3766,30,"TCTGCCTATTGTGGAG",NA,"F4","MM-Salvage","2017","HH","S","3","CB2","RecipientPost"
"MMS924",140,735.0458,31,"GAGATCGTCTCTCAAG",NA,"G4","MM-Salvage","2017","HH","C","1","CB2","RecipientPost"
"MMS925",176,838.7926,32,"GAGATCGTAAGTCGGA",NA,"H4","MM-Salvage","2017","HH","T","2","CB2","RecipientPost"
"MMS928",152,771.1222,42,"ATGCTTGGTGGGTGAT",NA,"B6","MM-Salvage","2015","HH","O","1",NA,"RecipientPre"
"MMS929",173,831.6021,43,"ATGCTTGGTACTGTGC",NA,"C6","MM-Salvage","2015","HH","O","2",NA,"RecipientPre"
"MMS930",146,787.4143,37,"GAGATCGTTCGATTGG",NA,"E5","MM-Salvage","2015","PS","O","2",NA,"RecipientPre"
"MMS931",151,743.1335,6,"ATCCCGTATTGTGGAG",NA,"F1","MM-Salvage","2015","PS","O","1",NA,"RecipientPre"
"MMS932",144,729.5796,45,"ATGCTTGGTCGATTGG",NA,"E6","MM-Salvage","2015","PS","O","4",NA,"RecipientPre"
"MMS938",141,684.6452,34,"GAGATCGTTGGGTGAT",NA,"B5","MM-Salvage","2015","DS","O","1",NA,"Donor"
"MMS939",147,768.5319,35,"GAGATCGTTACTGTGC",NA,"C5","MM-Salvage","2015","DS","O","2",NA,"Donor"
"MMS942",132,684.4317,38,"GAGATCGTTTGTGGAG",NA,"F5","MM-Salvage","2015","PS","O","3",NA,"RecipientPre"
"MMS943",172,828.0527,44,"ATGCTTGGAGAGTGTG",NA,"D6","MM-Salvage","2015","WL","O","6",NA,"RecipientPre"
"MMS944",140,725.9441,46,"ATGCTTGGTTGTGGAG",NA,"F6","MM-Salvage","2015","DS","O","5",NA,"Donor"
